<?xml version="1.0" encoding="UTF-8"?>
<RecordType xmlns="http://soap.sforce.com/2006/04/metadata">
    <fullName>General_Checkup</fullName>
    <active>true</active>
    <label>General Checkup</label>
    <picklistValues>
        <picklist>Status__c</picklist>
        <values>
            <fullName>Cancelled</fullName>
            <default>false</default>
        </values>
        <values>
            <fullName>Completed</fullName>
            <default>false</default>
        </values>
        <values>
            <fullName>Scheduled</fullName>
            <default>false</default>
        </values>
    </picklistValues>
</RecordType>
