[{"file":"c:/Users/SANTHU/Desktop/Salesforce/HealthCare CRM/debugger-project/Healthcare crm/force-app/main/default/lwc/quickSchedule/quickSchedule.js","metadata":{"decorators":[{"type":"track","targets":[{"name":"patientOptions","type":"property"}]}],"classMembers":[{"name":"patientOptions","type":"property","decorator":"track","loc":{"start":{"line":8,"column":4},"end":{"line":8,"column":31}}},{"name":"selectedPatientId","type":"property","value":{"type":"string","value":""},"loc":{"start":{"line":9,"column":4},"end":{"line":9,"column":27}}},{"name":"appointmentDateTime","type":"property","value":{"type":"string","value":""},"loc":{"start":{"line":10,"column":4},"end":{"line":10,"column":29}}},{"name":"isCreating","type":"property","value":{"type":"boolean","value":false},"loc":{"start":{"line":11,"column":4},"end":{"line":11,"column":23}}},{"name":"connectedCallback","type":"method","loc":{"start":{"line":14,"column":4},"end":{"line":16,"column":5}}},{"name":"loadPatients","type":"method","loc":{"start":{"line":19,"column":4},"end":{"line":34,"column":5}}},{"name":"handlePatientChange","type":"method","loc":{"start":{"line":36,"column":4},"end":{"line":38,"column":5}}},{"name":"handleDateChange","type":"method","loc":{"start":{"line":40,"column":4},"end":{"line":42,"column":5}}},{"name":"handleCreateAppointment","type":"method","loc":{"start":{"line":44,"column":4},"end":{"line":83,"column":5}}},{"name":"showToast","type":"method","loc":{"start":{"line":85,"column":4},"end":{"line":93,"column":5}}}],"declarationLoc":{"start":{"line":7,"column":0},"end":{"line":94,"column":1}},"doc":"","exports":[{"type":"ExportDefaultDeclaration"}]},"updatedAt":"2025-09-23T17:58:35.387Z","_allAttributes":null,"_properties":null,"_methods":null},{"file":"c:/Users/SANTHU/Desktop/Salesforce/HealthCare CRM/debugger-project/Healthcare crm/force-app/main/default/lwc/upcomingFollowups/upcomingFollowups.js","metadata":{"decorators":[{"type":"api","targets":[{"name":"recordId","type":"property","value":{"type":"unresolved"}}]},{"type":"wire","targets":[{"type":"method","name":"wiredPatient","static":{"fields":{"type":"array","value":["Patient__c.Name"]}},"params":{"recordId":"recordId"},"adapter":{"name":"getRecord","reference":"lightning/uiRecordApi"}}]},{"type":"track","targets":[{"name":"followUps","type":"property"}]}],"classMembers":[{"name":"recordId","type":"property","value":{"type":"unresolved"},"decorator":"api","loc":{"start":{"line":11,"column":2},"end":{"line":11,"column":16}}},{"name":"followUps","type":"property","decorator":"track","loc":{"start":{"line":12,"column":2},"end":{"line":12,"column":24}}},{"name":"patientName","type":"property","loc":{"start":{"line":13,"column":2},"end":{"line":13,"column":14}}},{"name":"connectedCallback","type":"method","loc":{"start":{"line":15,"column":2},"end":{"line":18,"column":3}}},{"name":"wiredPatient","type":"method","decorator":"wire","loc":{"start":{"line":21,"column":2},"end":{"line":27,"column":3}}},{"name":"loadFollowUps","type":"method","loc":{"start":{"line":29,"column":2},"end":{"line":40,"column":3}}},{"name":"handleCreateFollowUp","type":"method","loc":{"start":{"line":42,"column":2},"end":{"line":59,"column":3}}},{"name":"navigateToFollowUp","type":"method","loc":{"start":{"line":61,"column":2},"end":{"line":72,"column":3}}}],"declarationLoc":{"start":{"line":10,"column":0},"end":{"line":73,"column":1}},"doc":"","exports":[{"type":"ExportDefaultDeclaration"}]},"updatedAt":"2025-09-24T03:53:23.813Z","_allAttributes":null,"_properties":null,"_methods":null}]