<?xml version="1.0" encoding="UTF-8"?>
<CustomField xmlns="http://soap.sforce.com/2006/04/metadata">
    <fullName>Gender__c</fullName>
    <label>Gender</label>
    <required>false</required>
    <trackHistory>false</trackHistory>
    <trackTrending>false</trackTrending>
    <type>Picklist</type>
    <valueSet>
        <restricted>true</restricted>
        <valueSetDefinition>
            <sorted>false</sorted>
            <value>
                <fullName>Female</fullName>
                <default>false</default>
                <label>Female</label>
            </value>
            <value>
                <fullName>Male</fullName>
                <default>false</default>
                <label>Male</label>
            </value>
            <value>
                <fullName>Others</fullName>
                <default>false</default>
                <label>Others</label>
            </value>
        </valueSetDefinition>
    </valueSet>
</CustomField>
