<?xml version="1.0" encoding="UTF-8"?>
<CustomField xmlns="http://soap.sforce.com/2006/04/metadata">
    <fullName>Skills__c</fullName>
    <label>Skills</label>
    <required>false</required>
    <trackTrending>false</trackTrending>
    <type>Picklist</type>
    <valueSet>
        <valueSetDefinition>
            <sorted>false</sorted>
            <value>
                <fullName>Salesforce</fullName>
                <default>false</default>
                <label>Salesforce</label>
            </value>
            <value>
                <fullName>ServiceNow</fullName>
                <default>false</default>
                <label>ServiceNow</label>
            </value>
            <value>
                <fullName>AWS</fullName>
                <default>false</default>
                <label>AWS</label>
            </value>
            <value>
                <fullName>FullStack</fullName>
                <default>false</default>
                <label>FullStack</label>
            </value>
        </valueSetDefinition>
    </valueSet>
</CustomField>
