<?xml version="1.0" encoding="UTF-8"?>
<CustomField xmlns="http://soap.sforce.com/2006/04/metadata">
    <fullName>Mentor_Name1__c</fullName>
    <deleteConstraint>SetNull</deleteConstraint>
    <label>Mentor_Name1</label>
    <referenceTo>Mentor__c</referenceTo>
    <relationshipLabel>Students</relationshipLabel>
    <relationshipName>Students</relationshipName>
    <required>false</required>
    <trackHistory>false</trackHistory>
    <trackTrending>false</trackTrending>
    <type>Lookup</type>
</CustomField>
