<?xml version="1.0" encoding="UTF-8"?>
<CustomField xmlns="http://soap.sforce.com/2006/04/metadata">
    <fullName>Student_Email__c</fullName>
    <description>This captures the email id of the student.</description>
    <externalId>false</externalId>
    <inlineHelpText>Help me with the Student Email ID</inlineHelpText>
    <label>Student Email</label>
    <required>false</required>
    <trackHistory>false</trackHistory>
    <trackTrending>false</trackTrending>
    <type>Email</type>
    <unique>false</unique>
</CustomField>
