<?xml version="1.0" encoding="UTF-8"?>
<Flow xmlns="http://soap.sforce.com/2006/04/metadata">
    <apiVersion>64.0</apiVersion>
    <areMetricsLoggedToDataCloud>false</areMetricsLoggedToDataCloud>
    <environments>Default</environments>
    <formulas>
        <name>frm_followup_date</name>
        <dataType>Date</dataType>
        <expression>TODAY() + 30</expression>
    </formulas>
    <formulas>
        <name>frm_followup_dt</name>
        <dataType>DateTime</dataType>
        <expression>DATETIMEVALUE( TEXT( TODAY() + 30 ) &amp; &quot; 00:00:00&quot; )</expression>
    </formulas>
    <interviewLabel>Create_FollowUp_Subflow {!$Flow.CurrentDateTime}</interviewLabel>
    <label>Create_FollowUp_Subflow</label>
    <processMetadataValues>
        <name>BuilderType</name>
        <value>
            <stringValue>LightningFlowBuilder</stringValue>
        </value>
    </processMetadataValues>
    <processMetadataValues>
        <name>CanvasMode</name>
        <value>
            <stringValue>AUTO_LAYOUT_CANVAS</stringValue>
        </value>
    </processMetadataValues>
    <processMetadataValues>
        <name>OriginBuilderType</name>
        <value>
            <stringValue>LightningFlowBuilder</stringValue>
        </value>
    </processMetadataValues>
    <processType>AutoLaunchedFlow</processType>
    <recordCreates>
        <name>Create_FollowUp_Schedule_Record</name>
        <label>Create_FollowUp_Schedule_Record</label>
        <locationX>0</locationX>
        <locationY>0</locationY>
        <inputAssignments>
            <field>Follow_Up_Date__c</field>
            <value>
                <elementReference>frm_followup_dt</elementReference>
            </value>
        </inputAssignments>
        <inputAssignments>
            <field>Patient__c</field>
            <value>
                <elementReference>var_patientId</elementReference>
            </value>
        </inputAssignments>
        <object>FollowUp_Schedule__c</object>
        <storeOutputAutomatically>true</storeOutputAutomatically>
    </recordCreates>
    <start>
        <locationX>0</locationX>
        <locationY>0</locationY>
        <connector>
            <targetReference>Create_FollowUp_Schedule_Record</targetReference>
        </connector>
    </start>
    <status>Active</status>
    <variables>
        <name>var_patientId</name>
        <dataType>String</dataType>
        <isCollection>false</isCollection>
        <isInput>true</isInput>
        <isOutput>false</isOutput>
    </variables>
</Flow>
