<?xml version="1.0" encoding="UTF-8"?>
<RecordType xmlns="http://soap.sforce.com/2006/04/metadata">
    <fullName>Outpatient</fullName>
    <active>true</active>
    <description>For patients visiting for consultations, not admitted.</description>
    <label>Outpatient</label>
    <picklistValues>
        <picklist>Gender__c</picklist>
        <values>
            <fullName>Female</fullName>
            <default>false</default>
        </values>
        <values>
            <fullName>Male</fullName>
            <default>false</default>
        </values>
        <values>
            <fullName>Others</fullName>
            <default>false</default>
        </values>
    </picklistValues>
</RecordType>
