<?xml version="1.0" encoding="UTF-8"?>
<CustomField xmlns="http://soap.sforce.com/2006/04/metadata">
    <fullName>Clinic_Location__c</fullName>
    <deleteConstraint>SetNull</deleteConstraint>
    <label>Clinic Location</label>
    <referenceTo>Clinic_Location__c</referenceTo>
    <relationshipLabel>Appointments</relationshipLabel>
    <relationshipName>Appointments</relationshipName>
    <required>false</required>
    <trackHistory>false</trackHistory>
    <trackTrending>false</trackTrending>
    <type>Lookup</type>
</CustomField>
