<?xml version="1.0" encoding="UTF-8"?>
<Flow xmlns="http://soap.sforce.com/2006/04/metadata">
    <actionCalls>
        <name>Send_Appointment_Reminder</name>
        <label>Send Appointment Reminder</label>
        <locationX>0</locationX>
        <locationY>0</locationY>
        <actionName>emailSimple</actionName>
        <actionType>emailSimple</actionType>
        <flowTransactionModel>CurrentTransaction</flowTransactionModel>
        <inputParameters>
            <name>emailAddresses</name>
            <value>
                <elementReference>Send_Appointment_Reminder</elementReference>
            </value>
        </inputParameters>
        <inputParameters>
            <name>composeEmailContent</name>
            <value>
                <stringValue>True</stringValue>
            </value>
        </inputParameters>
        <inputParameters>
            <name>emailSubject</name>
            <value>
                <stringValue>Appointment Reminder: {!$Record.Appointment_Start__c}</stringValue>
            </value>
        </inputParameters>
        <inputParameters>
            <name>emailBody</name>
            <value>
                <stringValue>&lt;p&gt;Hello {!$Record.Patient__r.null__NotFound},&lt;/p&gt;&lt;p&gt;&lt;br&gt;&lt;/p&gt;&lt;p&gt;This is a reminder for your appointment scheduled on {!$Record.Appointment_Start__c}.&lt;/p&gt;&lt;p&gt;&lt;br&gt;&lt;/p&gt;&lt;p&gt;Thank you,&lt;/p&gt;&lt;p&gt;CareTrack Healthcare CRM&lt;/p&gt;&lt;p&gt;&lt;br&gt;&lt;/p&gt;</stringValue>
            </value>
        </inputParameters>
        <nameSegment>emailSimple</nameSegment>
        <offset>0</offset>
        <versionString>1.0.1</versionString>
    </actionCalls>
    <apiVersion>64.0</apiVersion>
    <areMetricsLoggedToDataCloud>false</areMetricsLoggedToDataCloud>
    <environments>Default</environments>
    <interviewLabel>Appointment_Reminder_24h {!$Flow.CurrentDateTime}</interviewLabel>
    <label>Appointment_Reminder_24h</label>
    <processMetadataValues>
        <name>BuilderType</name>
        <value>
            <stringValue>LightningFlowBuilder</stringValue>
        </value>
    </processMetadataValues>
    <processMetadataValues>
        <name>CanvasMode</name>
        <value>
            <stringValue>AUTO_LAYOUT_CANVAS</stringValue>
        </value>
    </processMetadataValues>
    <processMetadataValues>
        <name>OriginBuilderType</name>
        <value>
            <stringValue>LightningFlowBuilder</stringValue>
        </value>
    </processMetadataValues>
    <processType>AutoLaunchedFlow</processType>
    <start>
        <locationX>0</locationX>
        <locationY>0</locationY>
        <filterLogic>and</filterLogic>
        <filters>
            <field>Status__c</field>
            <operator>EqualTo</operator>
            <value>
                <stringValue>Scheduled</stringValue>
            </value>
        </filters>
        <filters>
            <field>Appointment_Start__c</field>
            <operator>IsNull</operator>
            <value>
                <booleanValue>false</booleanValue>
            </value>
        </filters>
        <object>Appointment__c</object>
        <recordTriggerType>CreateAndUpdate</recordTriggerType>
        <scheduledPaths>
            <name>Send_Reminder_1_Day_Before</name>
            <connector>
                <targetReference>Send_Appointment_Reminder</targetReference>
            </connector>
            <label>Send_Reminder_1_Day_Before</label>
            <offsetNumber>-1</offsetNumber>
            <offsetUnit>Days</offsetUnit>
            <recordField>Appointment_Start__c</recordField>
            <timeSource>RecordField</timeSource>
        </scheduledPaths>
        <scheduledPaths>
            <name>Scheduled_Path_2</name>
            <label>Scheduled Path 2</label>
            <offsetNumber>0</offsetNumber>
            <timeSource>RecordField</timeSource>
        </scheduledPaths>
        <triggerType>RecordAfterSave</triggerType>
    </start>
    <status>InvalidDraft</status>
</Flow>
